geografia,desfecho,modelo,termo,or,ic95_inf,ic95_sup,p_valor,significancia
Belo Horizonte,Pelo menos 1,Demográfico,Intercept,1.043758171937143,0.0181200154669398,60.123079004719834,0.9834786357508156,
Belo Horizonte,Pelo menos 1,Demográfico,"C(sexo, Treatment('Masculino'))[T.Feminino]",3.5269974769937473,1.5566584924421463,7.99129112976113,0.0025241138045922797,**
Belo Horizonte,Pelo menos 1,Demográfico,"C(raca, Treatment('Brancos'))[T.Negros]",1.7804522437712498,0.8163984185541729,3.882920545049694,0.1470424044506197,
Belo Horizonte,Pelo menos 1,Demográfico,"C(estadocivil, Treatment('Solteiro/a'))[T.Casado/a]",1.0266335145661116,0.31839426784057934,3.3102868979980977,0.9649012085686978,
Belo Horizonte,Pelo menos 1,Demográfico,"C(estadocivil, Treatment('Solteiro/a'))[T.Separado/a]",0.47286305388597094,0.09258977682293852,2.414947690801338,0.3680061701070996,
Belo Horizonte,Pelo menos 1,Demográfico,"C(estadocivil, Treatment('Solteiro/a'))[T.Viúvo/a]",1.4785868437417553,0.42751445124861337,5.1137898335391,0.5367515772792776,
Belo Horizonte,Pelo menos 1,Demográfico,idade1,0.9657102951497134,0.9146620722682545,1.0196075714011155,0.207960014933952,
Belo Horizonte,Pelo menos 1,Sociodemográfico,Intercept,0.7645977415997429,0.01017015915282851,57.4828473846288,0.9030753637649214,
Belo Horizonte,Pelo menos 1,Sociodemográfico,"C(sexo, Treatment('Masculino'))[T.Feminino]",3.5124640140435965,1.5095514706471411,8.17289353152181,0.003548730544639928,**
Belo Horizonte,Pelo menos 1,Sociodemográfico,"C(raca, Treatment('Brancos'))[T.Negros]",1.599650154174074,0.69458085793668,3.684064405907388,0.26971283300171633,
Belo Horizonte,Pelo menos 1,Sociodemográfico,"C(estadocivil, Treatment('Solteiro/a'))[T.Casado/a]",1.0362075272977471,0.32041447438959664,3.3510534805707692,0.952638476668563,
Belo Horizonte,Pelo menos 1,Sociodemográfico,"C(estadocivil, Treatment('Solteiro/a'))[T.Separado/a]",0.4238706838858026,0.08263826367963563,2.17413034419905,0.3035025484328162,
Belo Horizonte,Pelo menos 1,Sociodemográfico,"C(estadocivil, Treatment('Solteiro/a'))[T.Viúvo/a]",1.43988587514421,0.41151146056275023,5.03818613120657,0.5683435499961309,
Belo Horizonte,Pelo menos 1,Sociodemográfico,"C(renda, Treatment('Até R$1620'))[T.Acima de R$4600]",0.5792444917327909,0.18994099449085017,1.7664653283624996,0.3371501831913133,
Belo Horizonte,Pelo menos 1,Sociodemográfico,"C(renda, Treatment('Até R$1620'))[T.R$1620 a R$2600]",0.8350982220694928,0.28756939959744215,2.425115612022271,0.7404156743212666,
Belo Horizonte,Pelo menos 1,Sociodemográfico,"C(renda, Treatment('Até R$1620'))[T.R$2300 a R$4600]",1.3032506846834602,0.4760940836843083,3.5674930761251296,0.6061966753508395,
Belo Horizonte,Pelo menos 1,Sociodemográfico,idade1,0.9722910578645885,0.91895859462706,1.028718711300688,0.3289332190873999,
Belo Horizonte,Pelo menos 1,Geral,Intercept,1.1141703741122857,0.01319730433693352,94.06281698569602,0.9619011348977788,
Belo Horizonte,Pelo menos 1,Geral,"C(sexo, Treatment('Masculino'))[T.Feminino]",3.9140436552932574,1.6305578665761482,9.395396538553918,0.0022557273695050332,**
Belo Horizonte,Pelo menos 1,Geral,"C(raca, Treatment('Brancos'))[T.Negros]",1.6229975860476509,0.6828702887505412,3.8574253525309996,0.27291381322409425,
Belo Horizonte,Pelo menos 1,Geral,"C(estadocivil, Treatment('Solteiro/a'))[T.Casado/a]",0.9489139943285644,0.2798134557140605,3.217993095917238,0.9329298204386764,
Belo Horizonte,Pelo menos 1,Geral,"C(estadocivil, Treatment('Solteiro/a'))[T.Separado/a]",0.4166097974945631,0.07873542363347043,2.2043918144955392,0.3029772854975048,
Belo Horizonte,Pelo menos 1,Geral,"C(estadocivil, Treatment('Solteiro/a'))[T.Viúvo/a]",1.5726244095566628,0.4240073758738666,5.832793659394153,0.4984119632846701,
Belo Horizonte,Pelo menos 1,Geral,"C(renda, Treatment('Até R$1620'))[T.Acima de R$4600]",0.39245611774263806,0.11988731950600516,1.284721394958776,0.12213401657951858,
Belo Horizonte,Pelo menos 1,Geral,"C(renda, Treatment('Até R$1620'))[T.R$1620 a R$2600]",0.5889456595936644,0.19019548376418816,1.823686783142881,0.3585964647261959,
Belo Horizonte,Pelo menos 1,Geral,"C(renda, Treatment('Até R$1620'))[T.R$2300 a R$4600]",0.8656842766363427,0.29369002435367325,2.5517014698222074,0.7936961528082401,
Belo Horizonte,Pelo menos 1,Geral,"C(dif_andar, Treatment('Sem mobilidade reduzida'))[T.Com mobilidade reduzida]",0.2556858730741983,0.09718014886751694,0.6727224278987199,0.005724914634050198,**
Belo Horizonte,Pelo menos 1,Geral,idade1,0.974820851760022,0.9197682878118965,1.0331685769323649,0.3898963174673027,
Belo Horizonte,Mais de 1,Demográfico,Intercept,0.012255207272299746,3.7494043005826355e-05,4.0057057934160385,0.13617941518717208,
Belo Horizonte,Mais de 1,Demográfico,"C(sexo, Treatment('Masculino'))[T.Feminino]",3.6711144443761685,1.1097798299329342,12.143923416342668,0.03312104359815759,*
Belo Horizonte,Mais de 1,Demográfico,"C(raca, Treatment('Brancos'))[T.Negros]",2.901496788935028,0.8869252903093264,9.491987327663363,0.07814827974209858,+
Belo Horizonte,Mais de 1,Demográfico,"C(estadocivil, Treatment('Solteiro/a'))[T.Casado/a]",2.9910146226484144,0.34328586896757796,26.060404116842832,0.3212256041651361,
Belo Horizonte,Mais de 1,Demográfico,"C(estadocivil, Treatment('Solteiro/a'))[T.Separado/a]",1.1004502967380356,0.06087381866344934,19.89345965440393,0.9483244475756526,
Belo Horizonte,Mais de 1,Demográfico,"C(estadocivil, Treatment('Solteiro/a'))[T.Viúvo/a]",3.5078206151383484,0.38738125963671316,31.764070052147208,0.2642635441902962,
Belo Horizonte,Mais de 1,Demográfico,idade1,0.9952547932221564,0.9257845651382121,1.0699380187698408,0.8974835291159537,
Belo Horizonte,Mais de 1,Sociodemográfico,Intercept,0.06133643454182761,0.0001180169663278052,31.87811311683859,0.3816288634377656,
Belo Horizonte,Mais de 1,Sociodemográfico,"C(sexo, Treatment('Masculino'))[T.Feminino]",3.3499187327483892,0.9686863914872756,11.5847147380577,0.05617080646742234,+
Belo Horizonte,Mais de 1,Sociodemográfico,"C(raca, Treatment('Brancos'))[T.Negros]",2.7637473999988913,0.7548120910955125,10.119471827636763,0.12473871769227193,
Belo Horizonte,Mais de 1,Sociodemográfico,"C(estadocivil, Treatment('Solteiro/a'))[T.Casado/a]",2.609405372421325,0.28623702935588663,23.787964865843595,0.3949990144288541,
Belo Horizonte,Mais de 1,Sociodemográfico,"C(estadocivil, Treatment('Solteiro/a'))[T.Separado/a]",1.1884154589819458,0.06125787405131981,23.055506333178737,0.9091607097362778,
Belo Horizonte,Mais de 1,Sociodemográfico,"C(estadocivil, Treatment('Solteiro/a'))[T.Viúvo/a]",3.3105554949990394,0.35569377934999247,30.81239628507596,0.29290208620077285,
Belo Horizonte,Mais de 1,Sociodemográfico,"C(renda, Treatment('Até R$1620'))[T.Acima de R$4600]",0.8963771767290212,0.22399643756381163,3.5870750968161884,0.8771254903692636,
Belo Horizonte,Mais de 1,Sociodemográfico,"C(renda, Treatment('Até R$1620'))[T.R$1620 a R$2600]",0.1925487656489622,0.02265602500037694,1.6364312430058727,0.13133325858169762,
Belo Horizonte,Mais de 1,Sociodemográfico,"C(renda, Treatment('Até R$1620'))[T.R$2300 a R$4600]",0.40447230776579957,0.0770396152575387,2.1235548386696137,0.2846837577714211,
Belo Horizonte,Mais de 1,Sociodemográfico,idade1,0.9804240625166524,0.9078199405968784,1.0588347968316945,0.6145232887521359,
Belo Horizonte,Mais de 1,Geral,Intercept,0.1220575018956325,0.0001881006520262182,79.20245681511932,0.5243690576669227,
Belo Horizonte,Mais de 1,Geral,"C(sexo, Treatment('Masculino'))[T.Feminino]",3.4824691891504016,0.9573048463052887,12.66847410225511,0.05825951739966136,+
Belo Horizonte,Mais de 1,Geral,"C(raca, Treatment('Brancos'))[T.Negros]",2.822952829811065,0.7275118458232394,10.953859686395417,0.1335846961107041,
Belo Horizonte,Mais de 1,Geral,"C(estadocivil, Treatment('Solteiro/a'))[T.Casado/a]",2.310146838157349,0.2363497066064584,22.58000862566996,0.47161228673848976,
Belo Horizonte,Mais de 1,Geral,"C(estadocivil, Treatment('Solteiro/a'))[T.Separado/a]",1.4112941464026487,0.06825244530407559,29.182121736398003,0.8236013906185615,
Belo Horizonte,Mais de 1,Geral,"C(estadocivil, Treatment('Solteiro/a'))[T.Viúvo/a]",4.178049807893731,0.40259278677039656,43.3591976082678,0.23099787435505748,
Belo Horizonte,Mais de 1,Geral,"C(renda, Treatment('Até R$1620'))[T.Acima de R$4600]",0.5864330088928084,0.13458312953161938,2.5553252856872737,0.477285299008257,
Belo Horizonte,Mais de 1,Geral,"C(renda, Treatment('Até R$1620'))[T.R$1620 a R$2600]",0.1256422539844441,0.013852568601250604,1.139570316574098,0.0652079246442078,+
Belo Horizonte,Mais de 1,Geral,"C(renda, Treatment('Até R$1620'))[T.R$2300 a R$4600]",0.2430260415761099,0.042772703089336846,1.3808259150887536,0.11050698770815172,
Belo Horizonte,Mais de 1,Geral,"C(dif_andar, Treatment('Sem mobilidade reduzida'))[T.Com mobilidade reduzida]",0.17780646528931188,0.0422111074301717,0.7489767746790116,0.018576305745672986,*
Belo Horizonte,Mais de 1,Geral,idade1,0.9794210615147629,0.9019523750453293,1.0635435332053929,0.6208844379819989,
RMBH,Pelo menos 1,Demográfico,Intercept,0.33885938738846566,0.019251589554304224,5.964478106983835,0.45957496921006147,
RMBH,Pelo menos 1,Demográfico,"C(sexo, Treatment('Masculino'))[T.Feminino]",2.681443997110727,1.4849569132986844,4.84198689217788,0.0010706581407696166,**
RMBH,Pelo menos 1,Demográfico,"C(raca, Treatment('Brancos'))[T.Negros]",1.5097719116779689,0.8588028531953098,2.654172860291328,0.15238433995992437,
RMBH,Pelo menos 1,Demográfico,"C(estadocivil, Treatment('Solteiro/a'))[T.Casado/a]",2.37589976546769,0.9092909639501644,6.208023525304499,0.07740936525132651,+
RMBH,Pelo menos 1,Demográfico,"C(estadocivil, Treatment('Solteiro/a'))[T.Separado/a]",1.110863510074106,0.33612297171417904,3.671328180043303,0.8631386477124822,
RMBH,Pelo menos 1,Demográfico,"C(estadocivil, Treatment('Solteiro/a'))[T.Viúvo/a]",2.0716208284591615,0.7488694408514845,5.730789137324319,0.1606403246514193,
RMBH,Pelo menos 1,Demográfico,idade1,0.9753685673487276,0.9383362015765248,1.013862452043873,0.20664347888798562,
RMBH,Pelo menos 1,Sociodemográfico,Intercept,0.29713713100726924,0.01563334539607331,5.647573976418849,0.41925705742073793,
RMBH,Pelo menos 1,Sociodemográfico,"C(sexo, Treatment('Masculino'))[T.Feminino]",2.7220115886809517,1.4736630976036382,5.027843270936165,0.001381539197947598,**
RMBH,Pelo menos 1,Sociodemográfico,"C(raca, Treatment('Brancos'))[T.Negros]",1.5166792060378664,0.8461251222410088,2.7186473413472707,0.16186521242558827,
RMBH,Pelo menos 1,Sociodemográfico,"C(estadocivil, Treatment('Solteiro/a'))[T.Casado/a]",2.3710212040007304,0.9066374858108914,6.200649805244947,0.07838472354257542,+
RMBH,Pelo menos 1,Sociodemográfico,"C(estadocivil, Treatment('Solteiro/a'))[T.Separado/a]",1.0801752148509933,0.32560789319993483,3.583385167084835,0.899691294752123,
RMBH,Pelo menos 1,Sociodemográfico,"C(estadocivil, Treatment('Solteiro/a'))[T.Viúvo/a]",2.097896107732507,0.7575737175858689,5.809557507966664,0.1539460335977651,
RMBH,Pelo menos 1,Sociodemográfico,"C(renda, Treatment('Até R$1620'))[T.Acima de R$4600]",1.0772946784518436,0.47523121511835575,2.442103522033215,0.8584842982969517,
RMBH,Pelo menos 1,Sociodemográfico,"C(renda, Treatment('Até R$1620'))[T.R$1620 a R$2600]",1.3038134379488535,0.6067680132603419,2.801613538989623,0.496643517341277,
RMBH,Pelo menos 1,Sociodemográfico,"C(renda, Treatment('Até R$1620'))[T.R$2300 a R$4600]",1.1145472061565738,0.5383043109054366,2.3076454146577374,0.7702414318435866,
RMBH,Pelo menos 1,Sociodemográfico,idade1,0.9759463221002468,0.9385565848274695,1.0148255726063518,0.2218639710223963,
RMBH,Pelo menos 1,Geral,Intercept,0.2570926038219385,0.013352311814036469,4.950199475603984,0.368069143277178,
RMBH,Pelo menos 1,Geral,"C(sexo, Treatment('Masculino'))[T.Feminino]",2.926794899333234,1.5724344838558049,5.4476854016568135,0.0007043961968030454,***
RMBH,Pelo menos 1,Geral,"C(raca, Treatment('Brancos'))[T.Negros]",1.5323747409156243,0.8502800850760529,2.761645706880451,0.1555297749001058,
RMBH,Pelo menos 1,Geral,"C(estadocivil, Treatment('Solteiro/a'))[T.Casado/a]",2.2434326282700683,0.8516066239107316,5.9099939059590065,0.10206154995782975,
RMBH,Pelo menos 1,Geral,"C(estadocivil, Treatment('Solteiro/a'))[T.Separado/a]",0.9480856088314116,0.2824850706486432,3.1819958471052945,0.9312325834395023,
RMBH,Pelo menos 1,Geral,"C(estadocivil, Treatment('Solteiro/a'))[T.Viúvo/a]",2.049363528387946,0.7322318804979687,5.735738887291377,0.17179821237313464,
RMBH,Pelo menos 1,Geral,"C(renda, Treatment('Até R$1620'))[T.Acima de R$4600]",0.918500727035322,0.3988800070315001,2.11503101356943,0.8416632521290057,
RMBH,Pelo menos 1,Geral,"C(renda, Treatment('Até R$1620'))[T.R$1620 a R$2600]",1.1280724117691983,0.518047841612111,2.456428275494287,0.7614962791959031,
RMBH,Pelo menos 1,Geral,"C(renda, Treatment('Até R$1620'))[T.R$2300 a R$4600]",0.9952840009487155,0.47500944725431565,2.085411665537106,0.9900063340726591,
RMBH,Pelo menos 1,Geral,"C(dif_andar, Treatment('Sem mobilidade reduzida'))[T.Com mobilidade reduzida]",0.4632737250637534,0.2403335941307815,0.8930193263687297,0.021569209370322917,*
RMBH,Pelo menos 1,Geral,idade1,0.9819713198867739,0.943757236702821,1.0217327460703862,0.36900375171109023,
RMBH,Mais de 1,Demográfico,Intercept,0.00830051887013012,6.369686019681663e-05,1.081664202921412,0.05380906856497575,+
RMBH,Mais de 1,Demográfico,"C(sexo, Treatment('Masculino'))[T.Feminino]",4.121902622662853,1.431869419256716,11.865663867264143,0.008654687194342387,**
RMBH,Mais de 1,Demográfico,"C(raca, Treatment('Brancos'))[T.Negros]",2.9641026168328968,1.052718765796471,8.345917835394854,0.03966357427755584,*
RMBH,Mais de 1,Demográfico,"C(estadocivil, Treatment('Solteiro/a'))[T.Casado/a]",5.532163135936016,0.6897566463820011,44.370473446166486,0.10732861073512064,
RMBH,Mais de 1,Demográfico,"C(estadocivil, Treatment('Solteiro/a'))[T.Separado/a]",1.0054533934630019,0.05989511265716949,16.878447699275778,0.9969846959899799,
RMBH,Mais de 1,Demográfico,"C(estadocivil, Treatment('Solteiro/a'))[T.Viúvo/a]",3.819954218373942,0.4479275491740715,32.57680903391405,0.22036428609171743,
RMBH,Mais de 1,Demográfico,idade1,0.9882282702841801,0.9288157270046954,1.0514411909650252,0.7081668921859633,
RMBH,Mais de 1,Sociodemográfico,Intercept,0.012271053532834789,8.09221805311789e-05,1.8607846923709634,0.0858732708209277,+
RMBH,Mais de 1,Sociodemográfico,"C(sexo, Treatment('Masculino'))[T.Feminino]",4.187208740351899,1.352011490573883,12.967875759574566,0.01303292800629371,*
RMBH,Mais de 1,Sociodemográfico,"C(raca, Treatment('Brancos'))[T.Negros]",3.1171126082913534,1.0461845224875825,9.287454367672746,0.0412489851292848,*
RMBH,Mais de 1,Sociodemográfico,"C(estadocivil, Treatment('Solteiro/a'))[T.Casado/a]",5.86696232670858,0.7202871955993639,47.78822552075943,0.09825668194464808,+
RMBH,Mais de 1,Sociodemográfico,"C(estadocivil, Treatment('Solteiro/a'))[T.Separado/a]",1.2173999574942396,0.0711749718988208,20.82280634566053,0.8919855685175264,
RMBH,Mais de 1,Sociodemográfico,"C(estadocivil, Treatment('Solteiro/a'))[T.Viúvo/a]",3.710244722449334,0.4326845248614919,31.815133450566066,0.23175343539615156,
RMBH,Mais de 1,Sociodemográfico,"C(renda, Treatment('Até R$1620'))[T.Acima de R$4600]",1.090059060283641,0.30661802140405064,3.875273702000209,0.8939961972077805,
RMBH,Mais de 1,Sociodemográfico,"C(renda, Treatment('Até R$1620'))[T.R$1620 a R$2600]",0.17716552045823977,0.022244156679866987,1.4110501958317738,0.1021077377058496,
RMBH,Mais de 1,Sociodemográfico,"C(renda, Treatment('Até R$1620'))[T.R$2300 a R$4600]",0.5521478999090845,0.14506652389044322,2.101568957454675,0.38379475311628974,
RMBH,Mais de 1,Sociodemográfico,idade1,0.9849900877713138,0.9257547453873334,1.0480156627248063,0.6327043440141008,
RMBH,Mais de 1,Geral,Intercept,0.010573009729292862,6.508677546832769e-05,1.7175306954654666,0.07982493686382655,+
RMBH,Mais de 1,Geral,"C(sexo, Treatment('Masculino'))[T.Feminino]",4.461252488197642,1.4286094976878492,13.931570380612442,0.010055520704185486,*
RMBH,Mais de 1,Geral,"C(raca, Treatment('Brancos'))[T.Negros]",3.0819156662509934,1.021184321297377,9.301165299733734,0.04580775120536016,*
RMBH,Mais de 1,Geral,"C(estadocivil, Treatment('Solteiro/a'))[T.Casado/a]",5.3739628179343475,0.6536419398357254,44.18241028995006,0.1177246816312349,
RMBH,Mais de 1,Geral,"C(estadocivil, Treatment('Solteiro/a'))[T.Separado/a]",1.0359478539076328,0.05990118478624773,17.915972110491808,0.9806257546224539,
RMBH,Mais de 1,Geral,"C(estadocivil, Treatment('Solteiro/a'))[T.Viúvo/a]",3.7024983076027556,0.42749241310927377,32.06722107205482,0.23466515035517355,
RMBH,Mais de 1,Geral,"C(renda, Treatment('Até R$1620'))[T.Acima de R$4600]",0.9143781678021647,0.2521650850085861,3.3156352066931674,0.8916687031418852,
RMBH,Mais de 1,Geral,"C(renda, Treatment('Até R$1620'))[T.R$1620 a R$2600]",0.15196748968269996,0.0189289001795917,1.2200454173962294,0.07625829280212158,+
RMBH,Mais de 1,Geral,"C(renda, Treatment('Até R$1620'))[T.R$2300 a R$4600]",0.49398308113810097,0.1276470090346096,1.9116725593196582,0.30703671353698014,
RMBH,Mais de 1,Geral,"C(dif_andar, Treatment('Sem mobilidade reduzida'))[T.Com mobilidade reduzida]",0.37659211179872026,0.127979075959657,1.1081625461472036,0.07615278221301698,+
RMBH,Mais de 1,Geral,idade1,0.9921275584640193,0.930878765455926,1.0574063227037702,0.8079305550309828,
